<?xml version="1.0" encoding="UTF-8"?>
<l:dependencies xmlns:l='licenses' groupId='io.jenkins.plugins' artifactId='plugin-util-api' version='1.4.0'><l:dependency name='Plugin Utilities API Plugin' groupId='io.jenkins.plugins' artifactId='plugin-util-api' version='1.4.0' url='https://github.com/jenkinsci/plugin-util-api-plugin'><l:description>Provides several utility classes that can be used to accelerate plugin development.</l:description><l:license name='MIT license' url=''/></l:dependency><l:dependency name='error-prone annotations' groupId='com.google.errorprone' artifactId='error_prone_annotations' version='2.4.0' url='http://nexus.sonatype.org/oss-repository-hosting.html/error_prone_parent/error_prone_annotations'><l:description>Sonatype helps open source projects to set up Maven repositories on https://oss.sonatype.org/</l:description><l:license name='Apache 2.0' url='http://www.apache.org/licenses/LICENSE-2.0.txt'/></l:dependency><l:dependency name='Java coding style' groupId='edu.hm.hafner' artifactId='codingstyle' version='1.6.0' url='https://www.cs.hm.edu/die_fakultaet/ansprechpartner/professoren/hafner/index.de.html'><l:description>Provides all necessary resources for a Java project to enforce the coding style that I am using
    in my lectures about software development at Munich University of Applied Sciences and in all of my
    open source projects. It configures several static analysis tools for Maven and IntelliJ. Moreover,
    it provides some sample classes that already use this style guide. This classes can be used as such but are not
    required in this project. These classes also use some additional libraries that are included using the Maven
    dependency mechanism. If the sample classes are deleted then the dependencies can be safely deleted, too.</l:description><l:license name='MIT license' url=''/><l:license name='Creative Commons Attribution 4.0 International License' url=''/></l:dependency><l:dependency name='Apache Commons Lang' groupId='org.apache.commons' artifactId='commons-lang3' version='3.11' url='https://commons.apache.org/proper/commons-lang/'><l:description>Apache Commons Lang, a package of Java utility classes for the
  classes that are in java.lang's hierarchy, or are considered to be so
  standard as to justify existence in java.lang.</l:description><l:license name='Apache License, Version 2.0' url='https://www.apache.org/licenses/LICENSE-2.0.txt'/></l:dependency></l:dependencies>