<?xml version="1.0" encoding="UTF-8"?>
<l:dependencies xmlns:l='licenses' groupId='org.jenkins-ci.plugins.workflow' artifactId='workflow-cps' version='2.84'><l:dependency name='Pipeline: Groovy' groupId='org.jenkins-ci.plugins.workflow' artifactId='workflow-cps' version='2.84' url='https://github.com/jenkinsci/workflow-cps-plugin'><l:description>The Jenkins Plugins Parent POM Project</l:description><l:license name='MIT License' url='https://opensource.org/licenses/MIT'/></l:dependency><l:dependency name='Groovy CPS Execution' groupId='com.cloudbees' artifactId='groovy-cps' version='1.32' url='https://github.com/cloudbees/cloudbees-oss-parent/groovy-cps-parent/groovy-cps'><l:description>The CloudBees OSS Parent Project</l:description><l:license name='The Apache Software License, Version 2.0' url='http://www.apache.org/licenses/LICENSE-2.0.txt'/></l:dependency><l:dependency name='FindBugs-jsr305' groupId='com.google.code.findbugs' artifactId='jsr305' version='3.0.2' url='http://findbugs.sourceforge.net/'><l:description>JSR305 Annotations for Findbugs</l:description><l:license name='The Apache Software License, Version 2.0' url='http://www.apache.org/licenses/LICENSE-2.0.txt'/></l:dependency><l:dependency name='Pure Java implementation of diff/patch' groupId='com.cloudbees' artifactId='diff4j' version='1.3' url='https://github.com/cloudbees/cloudbees-oss-parent/diff4j'><l:description>Repackaged the code from NetBeans</l:description><l:license name='CDDL/GPLv2 dual license' url='http://www.opensource.org/licenses/cddl1.php'/></l:dependency></l:dependencies>