<?xml version="1.0" encoding="UTF-8"?>
<l:dependencies xmlns:l='licenses' groupId='org.jenkins-ci.plugins' artifactId='script-security' version='1.75'><l:dependency name='Script Security Plugin' groupId='org.jenkins-ci.plugins' artifactId='script-security' version='1.75' url='https://github.com/jenkinsci/script-security-plugin'><l:description>Allows Jenkins administrators to control what in-process scripts can be run by less-privileged users.</l:description><l:license name='MIT License' url='https://opensource.org/licenses/MIT'/></l:dependency><l:dependency name='Checker Qual' groupId='org.checkerframework' artifactId='checker-qual' version='3.3.0' url='https://checkerframework.org'><l:description>Checker Qual is the set of annotations (qualifiers) and supporting classes
        used by the Checker Framework to type check Java source code.

        Please
        see artifact:
        org.checkerframework:checker</l:description><l:license name='The MIT License' url='http://opensource.org/licenses/MIT'/></l:dependency><l:dependency name='Caffeine cache' groupId='com.github.ben-manes.caffeine' artifactId='caffeine' version='2.8.2' url='https://github.com/ben-manes/caffeine'><l:description>A high performance caching library</l:description><l:license name='Apache License, Version 2.0' url='https://www.apache.org/licenses/LICENSE-2.0.txt'/></l:dependency><l:dependency name='Groovy Sandbox' groupId='org.kohsuke' artifactId='groovy-sandbox' version='1.27' url='http://kohsuke.org/groovy-sandbox/'><l:description>Executes untrusted Groovy script safely</l:description><l:license name='MIT license' url='http://www.opensource.org/licenses/mit-license.php'/></l:dependency><l:dependency name='error-prone annotations' groupId='com.google.errorprone' artifactId='error_prone_annotations' version='2.3.4' url='http://nexus.sonatype.org/oss-repository-hosting.html/error_prone_parent/error_prone_annotations'><l:description>Sonatype helps open source projects to set up Maven repositories on https://oss.sonatype.org/</l:description><l:license name='Apache 2.0' url='http://www.apache.org/licenses/LICENSE-2.0.txt'/></l:dependency></l:dependencies>