<?xml version="1.0" encoding="UTF-8"?>
<l:dependencies xmlns:l='licenses' groupId='io.jenkins.plugins' artifactId='popper-api' version='1.16.0-7'><l:dependency name='Popper.js API Plugin' groupId='io.jenkins.plugins' artifactId='popper-api' version='1.16.0-7' url='https://github.com/jenkinsci/popper-api-plugin'><l:description>Provides Popper.js for Jenkins plugins.</l:description><l:license name='MIT license' url=''/></l:dependency><l:dependency name='error-prone annotations' groupId='com.google.errorprone' artifactId='error_prone_annotations' version='2.4.0' url='http://nexus.sonatype.org/oss-repository-hosting.html/error_prone_parent/error_prone_annotations'><l:description>Sonatype helps open source projects to set up Maven repositories on https://oss.sonatype.org/</l:description><l:license name='Apache 2.0' url='http://www.apache.org/licenses/LICENSE-2.0.txt'/></l:dependency></l:dependencies>