<l:dependencies xmlns:l='licenses' version='1.77' artifactId='job-dsl-plugin' groupId='org.jenkins-ci.plugins'>
  <l:dependency version='1.77' artifactId='job-dsl-plugin' groupId='org.jenkins-ci.plugins' name='Job DSL' url='https://github.com/jenkinsci/job-dsl-plugin'>
    <l:description>Jenkins plugin to leverage job-dsl-core to programmatic create jobs from inside Jenkins.</l:description>
    <l:license url='https://www.apache.org/licenses/LICENSE-2.0.txt' name='Apache License, Version 2.0' />
  </l:dependency>
  <l:dependency version='1.4' artifactId='xmlunit' groupId='xmlunit' name='XMLUnit for Java' url='http://xmlunit.sourceforge.net/'>
    <l:description>XMLUnit compares a control XML document to a test document or the result of a transformation, validates documents, and compares the results of XPath expressions.</l:description>
    <l:license url='http://xmlunit.svn.sourceforge.net/viewvc/*checkout*/xmlunit/trunk/xmlunit/LICENSE.txt' name='BSD License' />
  </l:dependency>
</l:dependencies>