<?xml version="1.0" encoding="UTF-8"?>
<l:dependencies xmlns:l='licenses' groupId='org.jenkins-ci.plugins' artifactId='localization-zh-cn' version='1.0.20'><l:dependency name='Localization: Chinese (Simplified)' groupId='org.jenkins-ci.plugins' artifactId='localization-zh-cn' version='1.0.20' url='https://github.com/jenkinsci/localization-zh-cn-plugin'><l:description>The Jenkins Plugins Parent POM Project</l:description></l:dependency><l:dependency name='Symbol annotation' groupId='org.jenkins-ci' artifactId='symbol-annotation' version='1.14' url=''><l:description>The Jenkins Plugins Parent POM Project</l:description><l:license name='MIT License' url='https://opensource.org/licenses/MIT'/></l:dependency></l:dependencies>