<?xml version="1.0" encoding="UTF-8"?>
<l:dependencies xmlns:l='licenses' groupId='org.jenkins-ci.plugins' artifactId='build-monitor-plugin' version='1.12+build.201809061734'><l:dependency name='Build Monitor View' groupId='org.jenkins-ci.plugins' artifactId='build-monitor-plugin' version='1.12+build.201809061734' url='http://wiki.jenkins-ci.org/display/JENKINS/Build+Monitor+Plugin'><l:description>Provides a highly visible view of the status of selected Jenkins jobs.
        It easily accommodates different computer screen sizes and is ideal as an Extreme Feedback Device to be
        displayed on a screen on your office wall.</l:description><l:license name='MIT license' url=''/></l:dependency><l:dependency name='Protocol Buffer Java API' groupId='com.google.protobuf' artifactId='protobuf-java' version='2.5.0' url='http://code.google.com/p/protobuf'><l:description>Protocol Buffers are a way of encoding structured data in an efficient yet
    extensible format.</l:description><l:license name='New BSD license' url='http://www.opensource.org/licenses/bsd-license.php'/></l:dependency><l:dependency name='Data Mapper for Jackson' groupId='org.codehaus.jackson' artifactId='jackson-mapper-asl' version='1.9.12' url='http://jackson.codehaus.org'><l:description>Data Mapper package is a high-performance data binding package
built on Jackson JSON processor</l:description><l:license name='The Apache Software License, Version 2.0' url='http://www.apache.org/licenses/LICENSE-2.0.txt'/></l:dependency><l:dependency name='Commons IO' groupId='commons-io' artifactId='commons-io' version='2.4' url='http://commons.apache.org/io/'><l:description>The Commons IO library contains utility classes, stream implementations, file filters, 
file comparators, endian transformation classes, and much more.</l:description><l:license name='The Apache Software License, Version 2.0' url='http://www.apache.org/licenses/LICENSE-2.0.txt'/></l:dependency><l:dependency name='Jackson' groupId='org.codehaus.jackson' artifactId='jackson-core-asl' version='1.9.12' url='http://jackson.codehaus.org'><l:description>Jackson is a high-performance JSON processor (parser, generator)</l:description><l:license name='The Apache Software License, Version 2.0' url='http://www.apache.org/licenses/LICENSE-2.0.txt'/></l:dependency><l:dependency name='less4j' groupId='com.github.sommeri' artifactId='less4j' version='1.8.0' url='https://github.com/SomMeri/less4j'><l:description>Less language is an extension of css and less4j compiles it into regular css. It adds several dynamic features into css: variables, expressions, nested rules. 

Less4j is a port. The original compiler was written in JavaScript and is called less.js. The less language is mostly defined in less.js documentation/issues and by what less.js actually do. Links to less.js:
* home page: http://lesscss.org/
* source code &amp; issues: https://github.com/cloudhead/less.js</l:description><l:license name='The Apache Software License, Version 2.0' url='http://www.apache.org/licenses/LICENSE-2.0.txt'/><l:license name='Eclipse Public License (EPL)' url='http://www.eclipse.org/legal/epl-v10.html'/><l:license name='Gnu General Public License, Version 3' url='http://www.gnu.org/licenses/gpl-3.0.html'/></l:dependency><l:dependency name='Commons BeanUtils' groupId='commons-beanutils' artifactId='commons-beanutils' version='1.8.3' url='http://commons.apache.org/beanutils/'><l:description>BeanUtils provides an easy-to-use but flexible wrapper around reflection and introspection.</l:description><l:license name='The Apache Software License, Version 2.0' url='http://www.apache.org/licenses/LICENSE-2.0.txt'/></l:dependency><l:dependency name='JSON (JavaScript Object Notation)' groupId='org.json' artifactId='json' version='20090211' url='http://www.json.org/java/index.html'><l:description>JSON (JavaScript Object Notation) is a lightweight data-interchange format.
    It is easy for humans to read and write. It is easy for machines to parse and generate.
    It is based on a subset of the JavaScript Programming Language, Standard ECMA-262 3rd Edition
    - December 1999. JSON is a text format that is completely language independent but uses
    conventions that are familiar to programmers of the C-family of languages, including C, C++, C#,
    Java, JavaScript, Perl, Python, and many others.
    These properties make JSON an ideal data-interchange language.</l:description><l:license name='provided without support or warranty' url='http://www.json.org/license.html'/></l:dependency><l:dependency name='Antlr 3.4 Runtime' groupId='org.antlr' artifactId='antlr-runtime' version='3.4' url='http://www.antlr.org'><l:description>A framework for constructing recognizers, compilers, and translators from grammatical descriptions containing Java, C#, C++, or Python actions.</l:description></l:dependency></l:dependencies>