<?xml version="1.0" encoding="UTF-8"?>
<l:dependencies xmlns:l='licenses' groupId='org.jenkins-ci.plugins' artifactId='mercurial' version='2.11'><l:dependency name='Jenkins Mercurial plugin' groupId='org.jenkins-ci.plugins' artifactId='mercurial' version='2.11' url='https://github.com/jenkinsci/mercurial-plugin'><l:description>Allows Jenkins to check out projects from the Mercurial SCM.</l:description><l:license name='MIT' url='https://opensource.org/licenses/MIT'/></l:dependency><l:dependency name='ini4j' groupId='org.ini4j' artifactId='ini4j' version='0.5.2' url='http://www.ini4j.org'><l:description>Java API for handling configuration files in Windows .ini format. The library includes its own Map based API, Java Preferences API and Java Beans API for handling .ini files. Additionally, the library includes a feature rich (variable/macro substitution, multiply property values, etc) java.util.Properties replacement.</l:description><l:license name='Apache 2' url='http://www.apache.org/licenses/LICENSE-2.0.txt'/></l:dependency><l:dependency name='Pipeline: API' groupId='org.jenkins-ci.plugins.workflow' artifactId='workflow-api' version='2.40' url='https://github.com/jenkinsci/workflow-api-plugin'><l:description>The Jenkins Plugins Parent POM Project</l:description><l:license name='MIT License' url='https://opensource.org/licenses/MIT'/></l:dependency><l:dependency name='Pipeline: Step API' groupId='org.jenkins-ci.plugins.workflow' artifactId='workflow-step-api' version='2.22' url='https://github.com/jenkinsci/workflow-step-api-plugin'><l:description>The Jenkins Plugins Parent POM Project</l:description><l:license name='MIT License' url='https://opensource.org/licenses/MIT'/></l:dependency></l:dependencies>