<?xml version="1.0" encoding="UTF-8"?>
<l:dependencies xmlns:l='licenses' groupId='org.jenkins-ci.plugins' artifactId='docker-workflow' version='1.24'><l:dependency name='Docker Pipeline' groupId='org.jenkins-ci.plugins' artifactId='docker-workflow' version='1.24' url='https://github.com/jenkinsci/docker-workflow-plugin'><l:description>Build and use Docker containers from pipelines</l:description><l:license name='MIT License' url='https://opensource.org/licenses/MIT'/></l:dependency><l:dependency name='JBoss Marshalling API' groupId='org.jboss.marshalling' artifactId='jboss-marshalling' version='2.0.6.Final' url='http://www.jboss.org/jboss-marshalling-parent/jboss-marshalling'><l:description>JBoss Marshalling API</l:description><l:license name='Apache License 2.0' url='http://repository.jboss.org/licenses/apache-2.0.txt'/></l:dependency><l:dependency name='JBoss Marshalling River' groupId='org.jboss.marshalling' artifactId='jboss-marshalling-river' version='2.0.6.Final' url='http://www.jboss.org/jboss-marshalling-parent/jboss-marshalling-river'><l:description>JBoss Marshalling River Implementation</l:description><l:license name='Apache License 2.0' url='http://repository.jboss.org/licenses/apache-2.0.txt'/></l:dependency></l:dependencies>