<?xml version="1.0" encoding="UTF-8"?>
<l:dependencies xmlns:l='licenses' groupId='org.jenkins-ci.plugins' artifactId='timestamper' version='1.11.8'><l:dependency name='Timestamper' groupId='org.jenkins-ci.plugins' artifactId='timestamper' version='1.11.8' url='https://github.com/jenkinsci/timestamper-plugin'><l:description>Adds timestamps to the Console Output</l:description><l:license name='The MIT License (MIT)' url='https://opensource.org/licenses/MIT'/></l:dependency><l:dependency name='OWASP Java HTML Sanitizer' groupId='com.googlecode.owasp-java-html-sanitizer' artifactId='owasp-java-html-sanitizer' version='20200713.1' url='https://github.com/OWASP/java-html-sanitizer/owasp-java-html-sanitizer'><l:description>Takes third-party HTML and produces HTML that is safe to embed in
    your web application.
    Fast and easy to configure.</l:description><l:license name='Apache License, Version 2.0' url='http://www.apache.org/licenses/LICENSE-2.0.txt'/></l:dependency><l:dependency name='Apache Commons Lang' groupId='org.apache.commons' artifactId='commons-lang3' version='3.11' url='https://commons.apache.org/proper/commons-lang/'><l:description>Apache Commons Lang, a package of Java utility classes for the
  classes that are in java.lang's hierarchy, or are considered to be so
  standard as to justify existence in java.lang.</l:description><l:license name='Apache License, Version 2.0' url='https://www.apache.org/licenses/LICENSE-2.0.txt'/></l:dependency></l:dependencies>