<?xml version="1.0" encoding="UTF-8"?>
<l:dependencies xmlns:l='licenses' groupId='org.jenkins-ci.plugins' artifactId='cloudbees-bitbucket-branch-source' version='2.9.4'><l:dependency name='Bitbucket Branch Source Plugin' groupId='org.jenkins-ci.plugins' artifactId='cloudbees-bitbucket-branch-source' version='2.9.4' url='https://github.com/jenkinsci/bitbucket-branch-source-plugin'><l:description>Discover and build Bitbucket Cloud and Bitbucket Server pull requests and branches and send status
    notifications with the build result.</l:description><l:license name='MIT License' url='https://opensource.org/licenses/MIT'/></l:dependency><l:dependency name='Pipeline: API' groupId='org.jenkins-ci.plugins.workflow' artifactId='workflow-api' version='2.40' url='https://github.com/jenkinsci/workflow-api-plugin'><l:description>The Jenkins Plugins Parent POM Project</l:description><l:license name='MIT License' url='https://opensource.org/licenses/MIT'/></l:dependency><l:dependency name='Scribe OAuth Library' groupId='org.scribe' artifactId='scribe' version='1.3.3' url='http://github.com/fernandezpablo85/scribe-java'><l:description>The best OAuth library out there</l:description><l:license name='MIT' url='http://github.com/fernandezpablo85/scribe-java/blob/master/LICENSE.txt'/></l:dependency></l:dependencies>