<?xml version="1.0" encoding="UTF-8"?>
<l:dependencies xmlns:l='licenses' groupId='org.jenkins-ci.plugins' artifactId='htmlpublisher' version='1.23'><l:dependency name='HTML Publisher plugin' groupId='org.jenkins-ci.plugins' artifactId='htmlpublisher' version='1.23' url='https://github.com/jenkinsci/htmlpublisher-plugin'><l:description>This plugin publishes HTML reports.</l:description><l:license name='The MIT License (MIT)' url='https://opensource.org/licenses/MIT'/></l:dependency><l:dependency name='Pipeline: API' groupId='org.jenkins-ci.plugins.workflow' artifactId='workflow-api' version='2.37' url='https://wiki.jenkins.io/display/JENKINS/Pipeline+API+Plugin'><l:description>The Jenkins Plugins Parent POM Project</l:description><l:license name='MIT License' url='https://opensource.org/licenses/MIT'/></l:dependency><l:dependency name='Java Encoder' groupId='org.owasp.encoder' artifactId='encoder' version='1.2.2' url='https://www.owasp.org/index.php/OWASP_Java_Encoder_Project/encoder'><l:description>The OWASP Encoders package is a collection of high-performance low-overhead
        contextual encoders, that when utilized correctly, is an effective tool in
        preventing Web Application security vulnerabilities such as Cross-Site
        Scripting.</l:description><l:license name='The BSD 3-Clause License' url='http://www.opensource.org/licenses/BSD-3-Clause'/></l:dependency><l:dependency name='SCM API Plugin' groupId='org.jenkins-ci.plugins' artifactId='scm-api' version='2.6.3' url='https://wiki.jenkins.io/display/JENKINS/SCM+API+Plugin'><l:description>This plugin provides a new enhanced API for interacting with SCM systems.</l:description><l:license name='The MIT license' url='https://opensource.org/licenses/MIT'/></l:dependency></l:dependencies>