<?xml version="1.0" encoding="UTF-8"?>
<l:dependencies xmlns:l='licenses' groupId='org.biouno' artifactId='uno-choice' version='2.5.1'><l:dependency name='Active Choices Plug-in' groupId='org.biouno' artifactId='uno-choice' version='2.5.1' url='https://github.com/jenkinsci/active-choices-plugin'><l:description>This plug-in provides additional parameter types for jobs, that allow you to cascade changes and render images or other HTML elements instead of the traditional parameter.</l:description><l:license name='The MIT license' url='http://opensource.org/licenses/MIT'/></l:dependency><l:dependency name='jQuery at http://jquery.com/' groupId='org.kohsuke.stapler' artifactId='stapler-adjunct-jquery' version='1.12.4-0' url=''><l:description/><l:license name='MIT License' url='http://www.opensource.org/licenses/mit-license.php'/></l:dependency></l:dependencies>