<?xml version="1.0" encoding="UTF-8"?>
<l:dependencies xmlns:l='licenses' groupId='io.jenkins.blueocean' artifactId='blueocean-events' version='1.24.3'><l:dependency name='Events API for Blue Ocean' groupId='io.jenkins.blueocean' artifactId='blueocean-events' version='1.24.3' url='https://github.com/jenkinsci/blueocean-plugin/blob/master/blueocean/doc/BlueOcean.adoc'><l:description>The Jenkins Plugins Parent POM Project</l:description><l:license name='MIT License' url='https://opensource.org/licenses/MIT'/></l:dependency><l:dependency name='Apache Commons Validator' groupId='commons-validator' artifactId='commons-validator' version='1.6' url='http://commons.apache.org/proper/commons-validator/'><l:description>Apache Commons Validator provides the building blocks for both client side validation and server side data validation.
    It may be used standalone or with a framework like Struts.</l:description><l:license name='Apache License, Version 2.0' url='https://www.apache.org/licenses/LICENSE-2.0.txt'/></l:dependency><l:dependency name='JGit - Core' groupId='org.eclipse.jgit' artifactId='org.eclipse.jgit' version='5.6.1.202002131546-r' url='http://www.eclipse.org/jgit//org.eclipse.jgit'><l:description>Repository access and algorithms</l:description><l:license name='Eclipse Distribution License (New BSD License)' url=''/></l:dependency><l:dependency name='Bouncy Castle Provider' groupId='org.bouncycastle' artifactId='bcprov-jdk15on' version='1.64' url='https://www.bouncycastle.org/java.html'><l:description>The Bouncy Castle Crypto package is a Java implementation of cryptographic algorithms. This jar contains JCE provider and lightweight API for the Bouncy Castle Cryptography APIs for Java 5 to Java 11.</l:description><l:license name='Bouncy Castle Licence' url='https://www.bouncycastle.org/licence.html'/></l:dependency><l:dependency name='Groovy Sandbox' groupId='org.kohsuke' artifactId='groovy-sandbox' version='1.26' url='http://kohsuke.org/groovy-sandbox/'><l:description>Executes untrusted Groovy script safely</l:description><l:license name='MIT license' url='http://www.opensource.org/licenses/mit-license.php'/></l:dependency><l:dependency name='Apache HttpAsyncClient' groupId='org.apache.httpcomponents' artifactId='httpasyncclient' version='4.1.4' url='http://hc.apache.org/httpcomponents-asyncclient'><l:description>Apache HttpComponents AsyncClient</l:description><l:license name='Apache License, Version 2.0' url='http://www.apache.org/licenses/LICENSE-2.0.txt'/></l:dependency><l:dependency name='Jenkins Apache HttpComponents Client 4.x API Plugin' groupId='org.jenkins-ci.plugins' artifactId='apache-httpcomponents-client-4-api' version='4.5.10-2.0' url='https://github.com/jenkinsci/apache-httpcomponents-client-4-api-plugin'><l:description>Bundles Apache HttpComponents Client 4.x and allows it to be used by Jenkins plugins</l:description><l:license name='MIT License' url='http://opensource.org/licenses/MIT'/></l:dependency><l:dependency name='Apache HttpClient Mime' groupId='org.apache.httpcomponents' artifactId='httpmime' version='4.5.10' url='http://hc.apache.org/httpcomponents-client'><l:description>Apache HttpComponents HttpClient - MIME coded entities</l:description><l:license name='Apache License, Version 2.0' url='http://www.apache.org/licenses/LICENSE-2.0.txt'/></l:dependency><l:dependency name='Apache HttpCore' groupId='org.apache.httpcomponents' artifactId='httpcore' version='4.4.12' url='http://hc.apache.org/httpcomponents-core-ga'><l:description>Apache HttpComponents Core (blocking I/O)</l:description><l:license name='Apache License, Version 2.0' url='http://www.apache.org/licenses/LICENSE-2.0.txt'/></l:dependency><l:dependency name='Apache HttpClient Cache' groupId='org.apache.httpcomponents' artifactId='httpclient-cache' version='4.5.10' url='http://hc.apache.org/httpcomponents-client'><l:description>Apache HttpComponents HttpClient - Cache</l:description><l:license name='Apache License, Version 2.0' url='http://www.apache.org/licenses/LICENSE-2.0.txt'/></l:dependency><l:dependency name='Jenkins Mailer Plugin' groupId='org.jenkins-ci.plugins' artifactId='mailer' version='1.32' url='https://github.com/jenkinsci/mailer-plugin'><l:description>This plugin allows you to configure email notifications for build results</l:description><l:license name='The MIT license' url='http://opensource.org/licenses/MIT'/></l:dependency><l:dependency name='SLF4J JDK14 Binding' groupId='org.slf4j' artifactId='slf4j-jdk14' version='1.7.25' url='http://www.slf4j.org'><l:description>SLF4J JDK14 Binding</l:description><l:license name='MIT License' url='http://www.opensource.org/licenses/mit-license.php'/></l:dependency><l:dependency name='Jenkins JSch dependency plugin' groupId='org.jenkins-ci.plugins' artifactId='jsch' version='0.1.55.1' url='https://wiki.jenkins.io/display/JENKINS/JSch+plugin'><l:description>Jenkins plugin that brings the JSch library as a plugin dependency, and provides
        an SSHAuthenticatorFactory for using JSch with the ssh-credentials plugin.</l:description><l:license name='MIT License' url='https://opensource.org/licenses/MIT'/></l:dependency><l:dependency name='Jenkins Git client plugin' groupId='org.jenkins-ci.plugins' artifactId='git-client' version='3.2.1' url='https://github.com/jenkinsci/git-client-plugin/blob/master/README.adoc'><l:description>Utility plugin for Git support in Jenkins</l:description><l:license name='The MIT License (MIT)' url='https://opensource.org/licenses/MIT'/></l:dependency><l:dependency name='Bouncy Castle PKIX, CMS, EAC, TSP, PKCS, OCSP, CMP, and CRMF APIs' groupId='org.bouncycastle' artifactId='bcpkix-jdk15on' version='1.64' url='https://www.bouncycastle.org/java.html'><l:description>The Bouncy Castle Java APIs for CMS, PKCS, EAC, TSP, CMP, CRMF, OCSP, and certificate generation. This jar contains APIs for JDK 1.5 to JDK 11. The APIs can be used in conjunction with a JCE/JCA provider such as the one provided with the Bouncy Castle Cryptography APIs.</l:description><l:license name='Bouncy Castle Licence' url='https://www.bouncycastle.org/licence.html'/></l:dependency><l:dependency name='SSH Credentials Plugin' groupId='org.jenkins-ci.plugins' artifactId='ssh-credentials' version='1.17.3' url='https://github.com/jenkinsci/ssh-credentials-plugin/tree/master/doc'><l:description>Allows storage of SSH credentials in Jenkins</l:description><l:license name='MIT License' url='https://opensource.org/licenses/MIT'/></l:dependency><l:dependency name='Structs Plugin' groupId='org.jenkins-ci.plugins' artifactId='structs' version='1.20' url='https://wiki.jenkins-ci.org/display/JENKINS/Structs+plugin'><l:description>Library plugin for DSL plugins that need names for Jenkins objects.</l:description><l:license name='MIT License' url='https://opensource.org/licenses/MIT'/></l:dependency><l:dependency name='Apache HttpClient Fluent API' groupId='org.apache.httpcomponents' artifactId='fluent-hc' version='4.5.10' url='http://hc.apache.org/httpcomponents-client'><l:description>Apache HttpComponents Client fluent API</l:description><l:license name='Apache License, Version 2.0' url='http://www.apache.org/licenses/LICENSE-2.0.txt'/></l:dependency><l:dependency name='Checker Qual' groupId='org.checkerframework' artifactId='checker-qual' version='3.3.0' url='https://checkerframework.org'><l:description>Checker Qual is the set of annotations (qualifiers) and supporting classes
        used by the Checker Framework to type check Java source code.

        Please
        see artifact:
        org.checkerframework:checker</l:description><l:license name='The MIT License' url='http://opensource.org/licenses/MIT'/></l:dependency><l:dependency name='Multiline Secrets UI' groupId='io.jenkins.temp.jelly' artifactId='multiline-secrets-ui' version='1.0' url='https://github.com/jenkinsci/lib-multiline-secrets-ui'><l:description>Temporary packaging of the f:secretTextarea Jenkins UI component.</l:description><l:license name='MIT License' url='http://opensource.org/licenses/MIT'/></l:dependency><l:dependency name='Bouncy Castle OpenPGP API' groupId='org.bouncycastle' artifactId='bcpg-jdk15on' version='1.64' url='https://www.bouncycastle.org/java.html'><l:description>The Bouncy Castle Java API for handling the OpenPGP protocol. This jar contains the OpenPGP API for JDK 1.5 to JDK 11. The APIs can be used in conjunction with a JCE/JCA provider such as the one provided with the Bouncy Castle Cryptography APIs.</l:description><l:license name='Bouncy Castle Licence' url='https://www.bouncycastle.org/licence.html'/><l:license name='Apache Software License, Version 1.1' url='https://www.apache.org/licenses/LICENSE-1.1'/></l:dependency><l:dependency name='JSON in Java' groupId='org.json' artifactId='json' version='20160212' url='https://github.com/douglascrockford/JSON-java'><l:description>JSON is a light-weight, language independent, data interchange format.
		See http://www.JSON.org/

		The files in this package implement JSON encoders/decoders in Java.
		It also includes the capability to convert between JSON and XML, HTTP
		headers, Cookies, and CDL.

		This is a reference implementation. There is a large number of JSON packages
		in Java. Perhaps someday the Java community will standardize on one. Until
		then, choose carefully.

		The license includes this restriction: "The software shall be used for good,
		not evil." If your conscience cannot live with that, then choose a different
		package.</l:description><l:license name='The JSON License' url='http://json.org/license.html'/></l:dependency><l:dependency name='JGit - Apache httpclient based HTTP support' groupId='org.eclipse.jgit' artifactId='org.eclipse.jgit.http.apache' version='5.6.1.202002131546-r' url='http://www.eclipse.org/jgit//org.eclipse.jgit.http.apache'><l:description>Apache httpclient based HTTP support</l:description><l:license name='Eclipse Distribution License (New BSD License)' url=''/></l:dependency><l:dependency name='error-prone annotations' groupId='com.google.errorprone' artifactId='error_prone_annotations' version='2.3.4' url='http://nexus.sonatype.org/oss-repository-hosting.html/error_prone_parent/error_prone_annotations'><l:description>Sonatype helps open source projects to set up Maven repositories on https://oss.sonatype.org/</l:description><l:license name='Apache 2.0' url='http://www.apache.org/licenses/LICENSE-2.0.txt'/></l:dependency><l:dependency name='Apache HttpClient' groupId='org.apache.httpcomponents' artifactId='httpclient' version='4.5.10' url='http://hc.apache.org/httpcomponents-client'><l:description>Apache HttpComponents Client</l:description><l:license name='Apache License, Version 2.0' url='http://www.apache.org/licenses/LICENSE-2.0.txt'/></l:dependency><l:dependency name='Script Security Plugin' groupId='org.jenkins-ci.plugins' artifactId='script-security' version='1.73' url='https://github.com/jenkinsci/script-security-plugin'><l:description>Allows Jenkins administrators to control what in-process scripts can be run by less-privileged users.</l:description><l:license name='MIT License' url='https://opensource.org/licenses/MIT'/></l:dependency><l:dependency name='Gson' groupId='com.google.code.gson' artifactId='gson' version='2.8.2' url='https://github.com/google/gson/gson'><l:description>Gson JSON library</l:description><l:license name='Apache 2.0' url='http://www.apache.org/licenses/LICENSE-2.0.txt'/></l:dependency><l:dependency name='JGit - HTTP Server' groupId='org.eclipse.jgit' artifactId='org.eclipse.jgit.http.server' version='5.6.1.202002131546-r' url='http://www.eclipse.org/jgit//org.eclipse.jgit.http.server'><l:description>Git aware HTTP server implementation.</l:description><l:license name='Eclipse Distribution License (New BSD License)' url=''/></l:dependency><l:dependency name='Apache HttpAsyncClient Cache' groupId='org.apache.httpcomponents' artifactId='httpasyncclient-cache' version='4.1.4' url='http://hc.apache.org/httpcomponents-asyncclient'><l:description>Apache HttpComponents AsyncClient Cache</l:description><l:license name='Apache License, Version 2.0' url='http://www.apache.org/licenses/LICENSE-2.0.txt'/></l:dependency><l:dependency name='Caffeine cache' groupId='com.github.ben-manes.caffeine' artifactId='caffeine' version='2.8.2' url='https://github.com/ben-manes/caffeine'><l:description>A high performance caching library</l:description><l:license name='Apache License, Version 2.0' url='https://www.apache.org/licenses/LICENSE-2.0.txt'/></l:dependency><l:dependency name='JavaEWAH' groupId='com.googlecode.javaewah' artifactId='JavaEWAH' version='1.1.6' url='https://github.com/lemire/javaewah'><l:description>The bit array data structure is implemented in Java as the BitSet class. Unfortunately, this fails to scale without compression.
  JavaEWAH is a word-aligned compressed variant of the Java bitset class. It uses a 64-bit run-length encoding (RLE) compression scheme.
  The goal of word-aligned compression is not to achieve the best compression, but rather to improve query processing time. Hence, we try to save CPU cycles, maybe at the expense of storage. However, the EWAH scheme we implemented is always more efficient storage-wise than an uncompressed bitmap (implemented in Java as the BitSet class). Unlike some alternatives, javaewah does not rely on a patented scheme.</l:description><l:license name='Apache 2' url='http://www.apache.org/licenses/LICENSE-2.0.txt'/></l:dependency><l:dependency name='Apache HttpCore NIO' groupId='org.apache.httpcomponents' artifactId='httpcore-nio' version='4.4.10' url='http://hc.apache.org/httpcomponents-core-ga'><l:description>Apache HttpComponents Core (non-blocking I/O)</l:description><l:license name='Apache License, Version 2.0' url='http://www.apache.org/licenses/LICENSE-2.0.txt'/></l:dependency><l:dependency name='JGit - Large File Storage' groupId='org.eclipse.jgit' artifactId='org.eclipse.jgit.lfs' version='5.6.1.202002131546-r' url='http://www.eclipse.org/jgit//org.eclipse.jgit.lfs'><l:description>JGit Large File Storage (LFS) implementation.</l:description><l:license name='Eclipse Distribution License (New BSD License)' url=''/></l:dependency><l:dependency name='Pipeline: SCM Step' groupId='org.jenkins-ci.plugins.workflow' artifactId='workflow-scm-step' version='2.11' url='https://github.com/jenkinsci/workflow-scm-step-plugin'><l:description>The Jenkins Plugins Parent POM Project</l:description><l:license name='MIT License' url='https://opensource.org/licenses/MIT'/></l:dependency></l:dependencies>