<?xml version="1.0" encoding="UTF-8"?>
<l:dependencies xmlns:l='licenses' groupId='org.jenkins-ci.plugins' artifactId='jira' version='3.1.1'><l:dependency name='Jenkins Jira plugin' groupId='org.jenkins-ci.plugins' artifactId='jira' version='3.1.1' url='https://github.com/jenkinsci/jira-plugin'><l:description>Integrates Jenkins to Jira</l:description><l:license name='The MIT license' url='https://github.com/jenkinsci/jira-plugin/raw/master/LICENSE.md'/></l:dependency><l:dependency name='Atlassian Concurrency Utilities' groupId='io.atlassian.util.concurrent' artifactId='atlassian-util-concurrent' version='4.0.1' url='https://labs.atlassian.com/wiki/display/CONCURRENT/Home'><l:description>This project contains utility classes that are used by
		various products and projects inside Atlassian and may have some
		utility to the world at large.</l:description><l:license name='Apache 2' url='http://www.apache.org/licenses/LICENSE-2.0.txt'/></l:dependency><l:dependency name='Atlassian HTTP Client API' groupId='com.atlassian.httpclient' artifactId='atlassian-httpclient-api' version='2.0.0' url='https://www.atlassian.com/public-pom/atlassian-httpclient-parent/atlassian-httpclient-api/'><l:description>The API to the HTTP Client service</l:description><l:license name='Apache License 2.0' url='http://www.apache.org/licenses/LICENSE-2.0'/></l:dependency><l:dependency name='JAXB RI' groupId='com.sun.xml.bind' artifactId='jaxb-impl' version='2.2.3-1' url='http://jaxb.java.net/'><l:description>JAXB (JSR 222) reference implementation</l:description><l:license name='CDDL 1.1' url='https://glassfish.java.net/public/CDDL+GPL_1_1.html'/><l:license name='GPL2 w/ CPE' url='https://glassfish.java.net/public/CDDL+GPL_1_1.html'/></l:dependency><l:dependency name='FindBugs-jsr305' groupId='com.google.code.findbugs' artifactId='jsr305' version='3.0.0' url='http://findbugs.sourceforge.net/'><l:description>JSR305 Annotations for Findbugs</l:description><l:license name='The Apache Software License, Version 2.0' url='http://www.apache.org/licenses/LICENSE-2.0.txt'/></l:dependency><l:dependency name='jersey-client' groupId='com.sun.jersey' artifactId='jersey-client' version='1.19' url='https://jersey.java.net/jersey-client/'><l:description>Jersey is the open source (under dual CDDL+GPL license) JAX-RS (JSR 311)
        production quality Reference Implementation for building
        RESTful Web services.</l:description><l:license name='CDDL 1.1' url='http://glassfish.java.net/public/CDDL+GPL_1_1.html'/><l:license name='GPL2 w/ CPE' url='http://glassfish.java.net/public/CDDL+GPL_1_1.html'/></l:dependency><l:dependency name='Maven Artifact' groupId='org.apache.maven' artifactId='maven-artifact' version='3.5.0' url='https://maven.apache.org/ref/3.5.0/maven-artifact/'><l:description>Maven is a software build management and
    comprehension tool. Based on the concept of a project object model:
    builds, dependency management, documentation creation, site
    publication, and distribution publication are all controlled from
    the declarative file. Maven can be extended by plugins to utilise a
    number of other development tools for reporting or the build
    process.</l:description><l:license name='Apache License, Version 2.0' url='http://www.apache.org/licenses/LICENSE-2.0.txt'/></l:dependency><l:dependency name='Plexus Common Utilities' groupId='org.codehaus.plexus' artifactId='plexus-utils' version='3.0.24' url='http://codehaus-plexus.github.io/plexus-utils/'><l:description>A collection of various utility classes to ease working with strings, files, command lines, XML and
    more.</l:description><l:license name='Apache License, Version 2.0' url='http://www.apache.org/licenses/LICENSE-2.0.txt'/></l:dependency><l:dependency name='JIRA REST Java Client - Public API' groupId='com.atlassian.jira' artifactId='jira-rest-java-client-api' version='5.2.1' url='https://www.atlassian.com/public-pom/jira-rest-java-client-parent/jira-rest-java-client-api/'><l:description>The public API for JIRA REST Java Client</l:description><l:license name='Apache License, Version 2.0' url='http://www.apache.org/licenses/LICENSE-2.0'/></l:dependency><l:dependency name='Shared Application Access Layer API' groupId='com.atlassian.sal' artifactId='sal-api' version='3.0.7' url='http://www.atlassian.com/public-pom/sal-parent/sal-api/'><l:description>A plugin that provides API for Shared Application Access Layer</l:description><l:license name='BSD License' url='http://opensource.org/licenses/BSD-3-Clause'/></l:dependency><l:dependency name='jersey-core' groupId='com.sun.jersey' artifactId='jersey-core' version='1.19' url='https://jersey.java.net/jersey-core/'><l:description>Jersey is the open source (under dual CDDL+GPL license) JAX-RS (JSR 311)
        production quality Reference Implementation for building
        RESTful Web services.</l:description><l:license name='CDDL 1.1' url='http://glassfish.java.net/public/CDDL+GPL_1_1.html'/><l:license name='GPL2 w/ CPE' url='http://glassfish.java.net/public/CDDL+GPL_1_1.html'/></l:dependency><l:dependency name='Functional Extensions' groupId='io.atlassian.fugue' artifactId='fugue' version='3.0.0' url='http://www.atlassian.com/central-pom/fugue-parent/fugue/'><l:description>Base POM for Atlassian projects</l:description><l:license name='Apache License 2.0' url='http://www.apache.org/licenses/LICENSE-2.0'/></l:dependency><l:dependency name='Apache Commons Lang' groupId='org.apache.commons' artifactId='commons-lang3' version='3.9' url='http://commons.apache.org/proper/commons-lang/'><l:description>Apache Commons Lang, a package of Java utility classes for the
  classes that are in java.lang's hierarchy, or are considered to be so
  standard as to justify existence in java.lang.</l:description><l:license name='Apache License, Version 2.0' url='https://www.apache.org/licenses/LICENSE-2.0.txt'/></l:dependency><l:dependency name='JAXB API bundle for GlassFish V3' groupId='javax.xml.bind' artifactId='jaxb-api' version='2.2.2' url='https://jaxb.dev.java.net/'><l:description>JAXB (JSR 222) API</l:description><l:license name='CDDL 1.1' url='https://glassfish.dev.java.net/public/CDDL+GPL_1_1.html'/><l:license name='GPL2 w/ CPE' url='https://glassfish.dev.java.net/public/CDDL+GPL_1_1.html'/></l:dependency><l:dependency name='jsr311-api' groupId='javax.ws.rs' artifactId='jsr311-api' version='1.1.1' url='https://jsr311.dev.java.net'><l:description/><l:license name='CDDL License' url='http://www.opensource.org/licenses/cddl1.php'/></l:dependency><l:dependency name='Joda-Time' groupId='joda-time' artifactId='joda-time' version='2.9.9' url='http://www.joda.org/joda-time/'><l:description>Date and time library to replace JDK date handling</l:description><l:license name='Apache 2' url='http://www.apache.org/licenses/LICENSE-2.0.txt'/></l:dependency><l:dependency name='Jettison' groupId='org.codehaus.jettison' artifactId='jettison' version='1.1' url=''><l:description>A StAX implementation for JSON.</l:description></l:dependency><l:dependency name='Atlassian Event' groupId='com.atlassian.event' artifactId='atlassian-event' version='3.0.0' url='https://docs.atlassian.com/atlassian-event/3.0.0'><l:description>Atlassian eventing system for use with Spring projects</l:description><l:license name='BSD License' url='http://opensource.org/licenses/BSD-3-Clause'/></l:dependency><l:dependency name='Guava: Google Core Libraries for Java' groupId='com.google.guava' artifactId='guava' version='18.0' url='http://code.google.com/p/guava-libraries/guava'><l:description>Guava is a suite of core and expanded libraries that include
    utility classes, google's collections, io classes, and much
    much more.

    Guava has only one code dependency - javax.annotation,
    per the JSR-305 spec.</l:description><l:license name='The Apache Software License, Version 2.0' url='http://www.apache.org/licenses/LICENSE-2.0.txt'/></l:dependency><l:dependency name='jersey-json' groupId='com.sun.jersey' artifactId='jersey-json' version='1.19' url='https://jersey.java.net/jersey-json/'><l:description>Jersey is the open source (under dual CDDL+GPL license) JAX-RS (JSR 311)
        production quality Reference Implementation for building
        RESTful Web services.</l:description><l:license name='CDDL 1.1' url='http://glassfish.java.net/public/CDDL+GPL_1_1.html'/><l:license name='GPL2 w/ CPE' url='http://glassfish.java.net/public/CDDL+GPL_1_1.html'/></l:dependency><l:dependency name='SLF4J API Module' groupId='org.slf4j' artifactId='slf4j-api' version='1.7.25' url='http://www.slf4j.org'><l:description>The slf4j API</l:description><l:license name='MIT License' url='http://www.opensource.org/licenses/mit-license.php'/></l:dependency><l:dependency name='JIRA REST Java Client - Implementation' groupId='com.atlassian.jira' artifactId='jira-rest-java-client-core' version='5.2.1' url='https://www.atlassian.com/public-pom/jira-rest-java-client-parent/jira-rest-java-client-core/'><l:description>Implementation of JIRA REST Java Client.</l:description><l:license name='Apache License, Version 2.0' url='http://www.apache.org/licenses/LICENSE-2.0'/></l:dependency></l:dependencies>